{
  "file": "Major Lazer - Lost feat. M\u00d8 (Frank Ocean Cover).mp3",
  "file_path": "C:\\Users\\butt_\\\u0420\u0430\u0431\u043e\u0447\u0438\u0439 \u0441\u0442\u043e\u043b\\SetAnalyzer.v2\\setlist\\Major Lazer - Lost feat. M\u00d8 (Frank Ocean Cover).mp3",
  "duration": 196.07510204081632,
  "filename": "Major Lazer - Lost feat. M\u00d8 (Frank Ocean Cover).mp3",
  "file_format": ".mp3",
  "file_size": 7862521,
  "title": "Major Lazer - Lost feat. M\u00d8 (Frank Ocean Cover) (Official Audio)",
  "bpm": null,
  "key": "F# Major",
  "sample_rate": 44100,
  "detected_genre": "techno",
  "rms": 0.30718308687210083,
  "rms_db": -10.252054214477539,
  "peak": 1.1305248737335205,
  "peak_db": 1.065602421760559,
  "lufs_integrated": -11.593110301609936,
  "lufs_short_term_max": -9.795539852618614,
  "lufs_short_term_min": -Infinity,
  "lufs_intro": -15.397548872461963,
  "lufs_outro": -13.4012353935964,
  "dynamic_range": Infinity,
  "spectral_centroid": 2967.370374514809,
  "spectral_contrast": 21.887545375336703,
  "sub_energy": 0.015113279223442078,
  "bass_energy": 0.1940174549818039,
  "low_mid_energy": 0.08578892052173615,
  "mid_energy": 0.25706052780151367,
  "high_mid_energy": 0.11945018172264099,
  "high_energy": 0.24606144428253174,
  "very_high_energy": 0.08250769972801208,
  "bass_to_highs_ratio": 0.6364892721176147,
  "crest_factor": 3.6802966594696045,
  "dynamic_range_ratio": 113.052490234375,
  "compression_estimate": 0.754646897315979,
  "rms_intro": 0.18209688365459442,
  "rms_outro": 0.030171534046530724,
  "first_drop_time": 50.0,
  "energy_rise_rate": 0.00011166249169036746,
  "energy_fall_rate": 0.0008080903207883239,
  "intro_mix_recommendation": 16,
  "outro_mix_recommendation": 16
}