{
  "file": "Oski - Go My Way (feat. The Arcturians).mp3",
  "file_path": "C:\\Users\\butt_\\\u0420\u0430\u0431\u043e\u0447\u0438\u0439 \u0441\u0442\u043e\u043b\\SetAnalyzer.v2\\setlist\\Oski - Go My Way (feat. The Arcturians).mp3",
  "duration": 233.79591836734693,
  "filename": "Oski - Go My Way (feat. The Arcturians).mp3",
  "file_format": ".mp3",
  "file_size": 9374357,
  "title": "Oski - Go My Way (feat. The Arcturians)",
  "bpm": null,
  "key": "A Major",
  "sample_rate": 44100,
  "detected_genre": "rock",
  "rms": 0.3779699504375458,
  "rms_db": -8.450854301452637,
  "peak": 1.219883680343628,
  "peak_db": 1.7263684272766113,
  "lufs_integrated": -10.004533734456915,
  "lufs_short_term_max": -8.355046474833685,
  "lufs_short_term_min": -21.550907013617515,
  "lufs_intro": -12.351683546238398,
  "lufs_outro": -10.497852577239874,
  "dynamic_range": 13.19586053878383,
  "spectral_centroid": 3380.3422141740934,
  "spectral_contrast": 21.285513458712707,
  "sub_energy": 0.016980377957224846,
  "bass_energy": 0.18505823612213135,
  "low_mid_energy": 0.06558463722467422,
  "mid_energy": 0.24374185502529144,
  "high_mid_energy": 0.14551371335983276,
  "high_energy": 0.23360420763492584,
  "very_high_energy": 0.10951673239469528,
  "bass_to_highs_ratio": 0.5888262391090393,
  "crest_factor": 3.22746205329895,
  "dynamic_range_ratio": 57.949493408203125,
  "compression_estimate": 0.7848358750343323,
  "rms_intro": 0.2810240089893341,
  "rms_outro": 0.3140551745891571,
  "first_drop_time": 80.0,
  "energy_rise_rate": 0.00033086753683164716,
  "energy_fall_rate": 0.0012572098057717085,
  "intro_mix_recommendation": 16,
  "outro_mix_recommendation": 16
}