{
  "file": "Major Lazer & The Partysquad - Original Don [Party Favor Edit).mp3",
  "file_path": "C:\\Users\\butt_\\\u0420\u0430\u0431\u043e\u0447\u0438\u0439 \u0441\u0442\u043e\u043b\\SetAnalyzer.v2\\setlist\\Major Lazer & The Partysquad - Original Don [Party Favor Edit).mp3",
  "duration": 175.85632653061225,
  "filename": "Major Lazer & The Partysquad - Original Don [Party Favor Edit).mp3",
  "file_format": ".mp3",
  "file_size": 7052612,
  "title": "Major Lazer & The Partysquad - Original Don [Party Favor Edit]",
  "bpm": null,
  "key": "G# Major",
  "sample_rate": 44100,
  "detected_genre": "rock",
  "rms": 0.3541818857192993,
  "rms_db": -9.015473365783691,
  "peak": 1.2460980415344238,
  "peak_db": 1.9110442399978638,
  "lufs_integrated": -9.395089188158027,
  "lufs_short_term_max": -7.145574859331514,
  "lufs_short_term_min": -50.68266111803479,
  "lufs_intro": -9.99040154203198,
  "lufs_outro": -8.520130955982806,
  "dynamic_range": 43.53708625870327,
  "spectral_centroid": 3479.2739395368585,
  "spectral_contrast": 20.936688863347317,
  "sub_energy": 0.009431068785488605,
  "bass_energy": 0.13220112025737762,
  "low_mid_energy": 0.07459261268377304,
  "mid_energy": 0.21456877887248993,
  "high_mid_energy": 0.20574341714382172,
  "high_energy": 0.27262887358665466,
  "very_high_energy": 0.09083426743745804,
  "bass_to_highs_ratio": 0.3896741271018982,
  "crest_factor": 3.5182433128356934,
  "dynamic_range_ratio": 100.23193359375,
  "compression_estimate": 0.7654504776000977,
  "rms_intro": 0.29399633407592773,
  "rms_outro": 0.08091116696596146,
  "first_drop_time": 70.0,
  "energy_rise_rate": 0.000536050065420568,
  "energy_fall_rate": 0.002906952053308487,
  "intro_mix_recommendation": 16,
  "outro_mix_recommendation": 16
}