{
  "file": "4B & Teez - Whistle (Party Favor Remix).mp3",
  "file_path": "C:\\Users\\butt_\\\u0420\u0430\u0431\u043e\u0447\u0438\u0439 \u0441\u0442\u043e\u043b\\SetAnalyzer.v2\\setlist\\4B & Teez - Whistle (Party Favor Remix).mp3",
  "duration": 158.0669387755102,
  "filename": "4B & Teez - Whistle (Party Favor Remix).mp3",
  "file_format": ".mp3",
  "file_size": 6340953,
  "title": "Moomba/Trap | 4B & Teez - Whistle (Party Favor Remix)",
  "bpm": null,
  "key": "A# Major",
  "sample_rate": 44100,
  "detected_genre": "rock",
  "rms": 0.3594432771205902,
  "rms_db": -8.8873929977417,
  "peak": 1.16011643409729,
  "peak_db": 1.2900315523147583,
  "lufs_integrated": -10.529342644908205,
  "lufs_short_term_max": -7.7672483416412135,
  "lufs_short_term_min": -55.33214353368993,
  "lufs_intro": -16.23497012904026,
  "lufs_outro": -12.705362380239766,
  "dynamic_range": 47.564895192048716,
  "spectral_centroid": 2529.031957632243,
  "spectral_contrast": 21.065231285471977,
  "sub_energy": 0.030241604894399643,
  "bass_energy": 0.20733676850795746,
  "low_mid_energy": 0.08176250755786896,
  "mid_energy": 0.23447731137275696,
  "high_mid_energy": 0.1945965737104416,
  "high_energy": 0.18730852007865906,
  "very_high_energy": 0.06427671760320663,
  "bass_to_highs_ratio": 0.9443255662918091,
  "crest_factor": 3.227536916732788,
  "dynamic_range_ratio": 218.24143981933594,
  "compression_estimate": 0.7848308682441711,
  "rms_intro": 0.08058751374483109,
  "rms_outro": 0.049412403255701065,
  "first_drop_time": 130.0,
  "energy_rise_rate": 0.0003606024547480047,
  "energy_fall_rate": 1.6944190065260045e-05,
  "intro_mix_recommendation": 16,
  "outro_mix_recommendation": 16
}