{
  "file": "TroyBoi - Afterhours (feat. Diplo & Nina Sky).mp3",
  "file_path": "C:\\Users\\butt_\\\u0420\u0430\u0431\u043e\u0447\u0438\u0439 \u0441\u0442\u043e\u043b\\SetAnalyzer.v2\\setlist\\TroyBoi - Afterhours (feat. Diplo & Nina Sky).mp3",
  "duration": 227.36979591836734,
  "filename": "TroyBoi - Afterhours (feat. Diplo & Nina Sky).mp3",
  "file_format": ".mp3",
  "file_size": 9114303,
  "title": "TroyBoi - Afterhours (feat. Diplo & Nina Sky) [Official Music Video]",
  "bpm": null,
  "key": "D# Major",
  "sample_rate": 44100,
  "detected_genre": "rock",
  "rms": 0.15655718743801117,
  "rms_db": -16.10654067993164,
  "peak": 1.1110045909881592,
  "peak_db": 0.9143170714378357,
  "lufs_integrated": -16.64662738100491,
  "lufs_short_term_max": -14.298102945530053,
  "lufs_short_term_min": -66.38135031067456,
  "lufs_intro": -24.603865477800785,
  "lufs_outro": -17.856735463805975,
  "dynamic_range": 52.08324736514451,
  "spectral_centroid": 3026.392732252559,
  "spectral_contrast": 23.442518013075187,
  "sub_energy": 0.03699624165892601,
  "bass_energy": 0.132934108376503,
  "low_mid_energy": 0.05670327693223953,
  "mid_energy": 0.265729159116745,
  "high_mid_energy": 0.20033106207847595,
  "high_energy": 0.22716762125492096,
  "very_high_energy": 0.08013816922903061,
  "bass_to_highs_ratio": 0.5529682636260986,
  "crest_factor": 7.096477508544922,
  "dynamic_range_ratio": 81.5418472290039,
  "compression_estimate": 0.5269014835357666,
  "rms_intro": 0.051833223551511765,
  "rms_outro": 0.019239498302340508,
  "first_drop_time": 140.0,
  "energy_rise_rate": 0.00036650346009992063,
  "energy_fall_rate": 0.0011094450019299984,
  "intro_mix_recommendation": 16,
  "outro_mix_recommendation": 16
}