{
  "file": "Skrillex & Rick Ross - Purple Lamborghini.mp3",
  "file_path": "C:\\Users\\butt_\\\u0420\u0430\u0431\u043e\u0447\u0438\u0439 \u0441\u0442\u043e\u043b\\SetAnalyzer.v2\\setlist\\Skrillex & Rick Ross - Purple Lamborghini.mp3",
  "duration": 261.66857142857145,
  "filename": "Skrillex & Rick Ross - Purple Lamborghini.mp3",
  "file_format": ".mp3",
  "file_size": 10490912,
  "title": "Skrillex & Rick Ross - Purple Lamborghini [Official Video]",
  "bpm": null,
  "key": "D# Major",
  "sample_rate": 44100,
  "detected_genre": "trance",
  "rms": 0.35713592171669006,
  "rms_db": -8.943329811096191,
  "peak": 1.3135833740234375,
  "peak_db": 2.3691530227661133,
  "lufs_integrated": -10.062574412404782,
  "lufs_short_term_max": -7.865406888260785,
  "lufs_short_term_min": -Infinity,
  "lufs_intro": -14.76024862591926,
  "lufs_outro": -13.518566648044002,
  "dynamic_range": Infinity,
  "spectral_centroid": 3572.772028279406,
  "spectral_contrast": 20.65855195431664,
  "sub_energy": 0.03596207872033119,
  "bass_energy": 0.11578109860420227,
  "low_mid_energy": 0.058581721037626266,
  "mid_energy": 0.22905997931957245,
  "high_mid_energy": 0.15829871594905853,
  "high_energy": 0.26868587732315063,
  "very_high_energy": 0.1336296796798706,
  "bass_to_highs_ratio": 0.3771744966506958,
  "crest_factor": 3.678104877471924,
  "dynamic_range_ratio": 1651.37646484375,
  "compression_estimate": 0.7547929883003235,
  "rms_intro": 0.12991586327552795,
  "rms_outro": 0.0,
  "first_drop_time": 80.0,
  "energy_rise_rate": 0.001040999311953783,
  "energy_fall_rate": 0.0,
  "intro_mix_recommendation": 16,
  "outro_mix_recommendation": 16
}