{
  "file": "GTA - Red Lips feat. Sam Bruno (Skrillex Remix).mp3",
  "file_path": "C:\\Users\\butt_\\\u0420\u0430\u0431\u043e\u0447\u0438\u0439 \u0441\u0442\u043e\u043b\\SetAnalyzer.v2\\setlist\\GTA - Red Lips feat. Sam Bruno (Skrillex Remix).mp3",
  "duration": 230.11265306122448,
  "filename": "GTA - Red Lips feat. Sam Bruno (Skrillex Remix).mp3",
  "file_format": ".mp3",
  "file_size": 9227175,
  "title": "GTA - Red Lips feat. Sam Bruno (Skrillex Remix) [Official Video]",
  "bpm": null,
  "key": "G Minor",
  "sample_rate": 44100,
  "detected_genre": "techno",
  "rms": 0.3574526607990265,
  "rms_db": -8.935628890991211,
  "peak": 1.2623659372329712,
  "peak_db": 2.02370548248291,
  "lufs_integrated": -9.846977111096514,
  "lufs_short_term_max": -7.518620423483558,
  "lufs_short_term_min": -Infinity,
  "lufs_intro": -16.858291096657442,
  "lufs_outro": -27.826193308352536,
  "dynamic_range": Infinity,
  "spectral_centroid": 3775.718373489631,
  "spectral_contrast": 20.946408306141027,
  "sub_energy": 0.021578749641776085,
  "bass_energy": 0.1394720822572708,
  "low_mid_energy": 0.05910652130842209,
  "mid_energy": 0.20629185438156128,
  "high_mid_energy": 0.1457376927137375,
  "high_energy": 0.2761768698692322,
  "very_high_energy": 0.1516352742910385,
  "bass_to_highs_ratio": 0.3764522075653076,
  "crest_factor": 3.5315611362457275,
  "dynamic_range_ratio": 396.6758728027344,
  "compression_estimate": 0.7645626068115234,
  "rms_intro": 0.08471206575632095,
  "rms_outro": 0.0002680279139894992,
  "first_drop_time": 90.0,
  "energy_rise_rate": 0.0004960140795446932,
  "energy_fall_rate": 0.0007227680180221796,
  "intro_mix_recommendation": 16,
  "outro_mix_recommendation": 16
}