{
  "file": "Mura Masa - Love$ick ft. A$AP Rocky.mp3",
  "file_path": "C:\\Users\\butt_\\\u0420\u0430\u0431\u043e\u0447\u0438\u0439 \u0441\u0442\u043e\u043b\\SetAnalyzer.v2\\setlist\\Mura Masa - Love$ick ft. A$AP Rocky.mp3",
  "duration": 187.66367346938776,
  "filename": "Mura Masa - Love$ick ft. A$AP Rocky.mp3",
  "file_format": ".mp3",
  "file_size": 7526286,
  "title": "Mura Masa - Love ft. A Rocky (Lyrics)",
  "bpm": null,
  "key": "G# Minor",
  "sample_rate": 44100,
  "detected_genre": "dnb",
  "rms": 0.22002050280570984,
  "rms_db": -13.150737762451172,
  "peak": 1.0738401412963867,
  "peak_db": 0.618792712688446,
  "lufs_integrated": -13.692168121718643,
  "lufs_short_term_max": -10.628755713337334,
  "lufs_short_term_min": -49.908800204707404,
  "lufs_intro": -14.79847025500209,
  "lufs_outro": -26.382577226301414,
  "dynamic_range": 39.28004449137007,
  "spectral_centroid": 2267.8684021946883,
  "spectral_contrast": 22.202775288996786,
  "sub_energy": 0.009763511829078197,
  "bass_energy": 0.1737404763698578,
  "low_mid_energy": 0.1478356122970581,
  "mid_energy": 0.2900603711605072,
  "high_mid_energy": 0.13284173607826233,
  "high_energy": 0.18983769416809082,
  "very_high_energy": 0.05591991916298866,
  "bass_to_highs_ratio": 0.7466868758201599,
  "crest_factor": 4.880636692047119,
  "dynamic_range_ratio": 134.21253967285156,
  "compression_estimate": 0.6746242046356201,
  "rms_intro": 0.22981224954128265,
  "rms_outro": 0.02197491005063057,
  "first_drop_time": 60.0,
  "energy_rise_rate": 6.407988735190884e-07,
  "energy_fall_rate": 0.0029069767333567142,
  "intro_mix_recommendation": 16,
  "outro_mix_recommendation": 16
}