{
  "file": "San Holo vs. Kanye West - Lights (Nitti Gritti Remix).mp3",
  "file_path": "C:\\Users\\butt_\\\u0420\u0430\u0431\u043e\u0447\u0438\u0439 \u0441\u0442\u043e\u043b\\SetAnalyzer.v2\\setlist\\San Holo vs. Kanye West - Lights (Nitti Gritti Remix).mp3",
  "duration": 230.7395918367347,
  "filename": "San Holo vs. Kanye West - Lights (Nitti Gritti Remix).mp3",
  "file_format": ".mp3",
  "file_size": 9252330,
  "title": "San Holo vs. Kanye West - Lights (Nitti Gritti Remix)",
  "bpm": null,
  "key": "D# Major",
  "sample_rate": 44100,
  "detected_genre": "rock",
  "rms": 0.31594476103782654,
  "rms_db": -10.007777214050293,
  "peak": 1.2722482681274414,
  "peak_db": 2.091437339782715,
  "lufs_integrated": -10.293676263552028,
  "lufs_short_term_max": -8.234008411802844,
  "lufs_short_term_min": -Infinity,
  "lufs_intro": -11.627331879793692,
  "lufs_outro": -14.916038458598274,
  "dynamic_range": Infinity,
  "spectral_centroid": 3863.5200492972644,
  "spectral_contrast": 21.623727665918047,
  "sub_energy": 0.011883290484547615,
  "bass_energy": 0.1109742671251297,
  "low_mid_energy": 0.05905668064951897,
  "mid_energy": 0.23810476064682007,
  "high_mid_energy": 0.1866014003753662,
  "high_energy": 0.2897888422012329,
  "very_high_energy": 0.10359031707048416,
  "bass_to_highs_ratio": 0.31231334805488586,
  "crest_factor": 4.026805877685547,
  "dynamic_range_ratio": 433.71026611328125,
  "compression_estimate": 0.7315462827682495,
  "rms_intro": 0.27732565999031067,
  "rms_outro": 0.0002313660952495411,
  "first_drop_time": 90.0,
  "energy_rise_rate": 0.00014337892935145646,
  "energy_fall_rate": 0.00022425649513024837,
  "intro_mix_recommendation": 16,
  "outro_mix_recommendation": 16
}