{
  "file": "Childish Gambino - Redbone (TEEZ & 4B Remix).mp3",
  "file_path": "C:\\Users\\butt_\\\u0420\u0430\u0431\u043e\u0447\u0438\u0439 \u0441\u0442\u043e\u043b\\SetAnalyzer.v2\\setlist\\Childish Gambino - Redbone (TEEZ & 4B Remix).mp3",
  "duration": 192.20897959183674,
  "filename": "Childish Gambino - Redbone (TEEZ & 4B Remix).mp3",
  "file_format": ".mp3",
  "file_size": 7708936,
  "title": "Childish Gambino - Redbone (TEEZ & 4B Remix)",
  "bpm": null,
  "key": "A Major",
  "sample_rate": 44100,
  "detected_genre": "techno",
  "rms": 0.3709365427494049,
  "rms_db": -8.614007949829102,
  "peak": 1.1709696054458618,
  "peak_db": 1.3709125518798828,
  "lufs_integrated": -10.533173806142077,
  "lufs_short_term_max": -8.252671312250193,
  "lufs_short_term_min": -Infinity,
  "lufs_intro": -13.30722988325118,
  "lufs_outro": -15.540422283126036,
  "dynamic_range": Infinity,
  "spectral_centroid": 2849.153441470655,
  "spectral_contrast": 21.464278934106158,
  "sub_energy": 0.022238589823246002,
  "bass_energy": 0.22137276828289032,
  "low_mid_energy": 0.10798298567533493,
  "mid_energy": 0.219973623752594,
  "high_mid_energy": 0.12113827466964722,
  "high_energy": 0.2256099432706833,
  "very_high_energy": 0.08168432861566544,
  "bass_to_highs_ratio": 0.7927624583244324,
  "crest_factor": 3.156792163848877,
  "dynamic_range_ratio": 988.762451171875,
  "compression_estimate": 0.7895472049713135,
  "rms_intro": 0.2977635860443115,
  "rms_outro": 0.0001712646335363388,
  "first_drop_time": 70.0,
  "energy_rise_rate": 0.0005214057164266706,
  "energy_fall_rate": 0.0014724587090313435,
  "intro_mix_recommendation": 16,
  "outro_mix_recommendation": 16
}